번호,문제,답
1,"CPU(중앙처리장치)의  그래픽  처리  작업을  돕기  위해  만들어진  장치로서  컴퓨터의  영상정보를  처리하거나  화면  출력을
담당하는  그래픽카드를  말한다.  연산속도를  비약적으로  높일  수  있기  때문에  최근   AI,  머신러닝  분야에서  보편적으로
사용되고  있는  장치는  무엇인가?.",GPU(그래픽처리장치)
2,"개방,  참여,  공유의  정신을  바탕으로  사용자가  직접  정보를  생산하여  쌍방향으로  소통하는  웹  기술은  무엇인가?",웹2.0
3,"기계가  인간과  얼마나  비슷하게  대화할  수  있는지를  기준으로  기계에  지능이  있는지는  판별하는  테스트로서,  1950년  앨
런  튜링이  제안한  이  테스트를  무엇이라고  하는가?",튜링  테스트
4,최근  유투브  등에서  뇌를  자극해  심리적  안정이나  쾌락을  유도하는  영상을  일컬어  무엇이라고  하는가?,ASMR  영상
5,"이것은  웹(web)과  카툰(cartoon,  만화)의  합성어로  인터넷  연재  만화를  지칭한다.  영어권에서는  웹코믹(Webcomic)이라
고  불리는  이것은  무엇인가?",웹툰(Webtoon)
6,"영향력을  주는  사람을  뜻하는  단어로,  최근에는  유투브,  페이스북,  인스타그램  등  소셜네트워크에서  많은  사람에게  영향
력을  미치는  사람을  나타낸다.  BTS와  같은  Kpop스타뿐  아니라  대도서관이나  이사배와  같은  유튜버들도  해당된다.  이들
을  뜻하는  단어는?",인플루언서
7,이세돌과  바둑대결을  벌인  인공지능의  이름은?,알파고
8,"직접  기기에  파일을  저장하지  않고.  인터넷에서  음성,  영상  콘텐츠를  실시간으로  재생하는  방식은?",스트리밍
9,"컴퓨터,  스마트폰  등을  이용해  인터넷  상에서  상품과  서비스를  교환하는  거래행위를  지칭하는  용어는?",전자상거래(e-commerce)
10,"2000년  카네기  멜론  대학의  루이스  폰  안  등에  의해  창안된  것으로,  컴퓨터에는  정자체만  저장되어  있어  변형된  글자를
읽지  못한다는  점을  이용하여  사람과  컴퓨터  프로그램을  판별해  주는  보안기술은?",캡챠(CAPTCHA)
11,전  세계  사람들이  함께  만들어가는  웹  기반의  다언어  백과사전?,위키피디아(위키백과)
12,"다수의  개체들이  서로  협력·경쟁을  통하여  얻게  된  지식  축적의  결과로  얻어진  집단적  능력을  일컫는  말로,  집단지능,  협
업지성,  공생적지능이라고도  하는  한다.  대표적인  사례로  위키피디아,  네이버  지식인  등이  있다.  무엇인가?",집단지성
13,"SNS  등에서  사용되는  기호로서,  관련된  내용물을  묶어주는  역할을  하여  사용자들이  관심  있는  주제의  내용물을  쉽게  찾
을  수  있도록  도와주는  것은?",해시태그(#)
14,컴퓨터  프로그램과  그와  관련된  문서들을  총칭하는  용어로  기계장치부를  말하는  하드웨어에  대응하는  개념은?,소프트웨어
15,"많은  데이터  가운데  숨겨져  있는  유용한  상관관계를  발견하여,  미래에  실행  가능한  정보를  추출해  내고  의사  결정에  이
용하는  과정을  무엇이라고  하는가?",데이터  마이닝
16,"사용자가  컴퓨터  시스템  또는  통신망에  접속할  때  사용자  ID와  함께  입력하여  정당한  사용자라는  것을  식별할  수  있도
록  컴퓨터에  전달하는  고유의  문자열로서,  일반적으로  7문자  이상의  영문자와  숫자의  조합으로  구성되어  지정된다.  이
것은  타인에게  알려지지  않도록  주의해서  관리해야  한다.  무엇인가?",패스워드(비밀번호)
17,컴퓨터  프로그래밍의  다른말로  프로그램을  작성하는  것을  의미하는  단어는?,코딩
18,"바코드보다  훨씬  많은  정보를  담을  수  있는  격자무늬의  2차원  코드로서,  스마트폰으로  이  코드를  스캔하면  각종  정보를
제공받을  수  있다.  무엇인가?",QR코드
19,"비슷한  관심사를  가진  사람들이  이벤트  일정을  잡을  수  있도록  도와주는  웹사이트로,  모임을  조직하려는  사람과  비슷한
생각을  가진  사람들끼리  시간과  장소를  정해  만난  후  모임을  지속할  수  있도록  온라인과  오프라인을  연결해주는  서비스
라고  볼  수  있다.  무엇인가?",밋업
20,"항상  원격으로  일하고  여행하는  사람을  말하며,  이들은  첨단  디지털  장비를  구비하고  여기저기  돌아다니면서  장소에  구
애받지  않고  일한다.  정보기술의  발달로  등장한  21세기형  신인류를  뜻하는  용어는?",디지털  노마드
21,"인터넷을  통해  방송  프로그램·영화·교육  등  각종  미디어  콘텐츠를  제공하는  서비스로서,  넷플릭스,  왓챠플레이,  옥수수가
대표적이다.  이  서비스는  무엇인가?",OTT서비스(온라인  유료  동영상  서비스)
22,마이크로소프트  윈도우  운영체제에서  시스템  오류를  복구하지  못할  때  나타나는  화면을  무엇이라고  하는가?,블루스크린
23,"시간과  장소에  얽매이지  않고  언제  어디서나  일할  수  있는  체제를  일컫는  말로,  유연근문제,  모바일오피스,  재택근무,  원
격회의  및  원격협업  등의  근무형태가  있다.  무엇인가?",스마트워크
24,"인터넷에서  음성,  영상  콘텐츠를  실시간으로  내려받아  재생하는  서비스로,  파일을  기기에  다  내려받지  않고도  컨텐츠를
재생할  수  있다.  대표적인  예로  유투브,  넷플릭스가  있다.  어떤  서비스인가?",스트리밍  서비스
25,"대용량의   데이터  속에서  지금까지  알지  못했던  규칙이나  패턴들을  찾아내어  새로운  가치를  추출하는  것을  의미하는  IT
용어는?",빅데이터
26,"1995년  이후에  태어나  2000년  초반  IT붐과  함께  유년  시절부터  디지털  환경에  노출에  세대로서,  이들은  신기술에  민감
할  뿐아니라  소비활동에도  적극활용한다.  스마트폰과  함께  자라난  세대로  디지털  디바이스는  이들에게  가장  친한  친구
이다.  Z세대라고도  불리우는  이들은  누구인가?",디지털네이티브(디지털원주민)
27,각종  사물에  센서와  통신  기능을  내장하여  인터넷에  연결하는  기술은?,IoT(사물인터넷)
28,"음성이나  문자를  통한  인간과의  대화를  통해서  특정한  작업을  수행하도록  제작된  컴퓨터  프로그램으로,  이것은  쇼핑몰
에서  물건을  구입하거나  호텔에  예약을  하는  등  사람이  하는  업무를  대신할  수도  있다.  무엇인가?",챗봇
29,"전화,  문자,  메신저,  가짜  사이트  등  통신수단을  이용하여  피해자를  기만하고  공갈함으로써  이용자의  개인정보나  금융정
보를  뺴낸  후  금품을  갈취하는  사기  수법은?",피싱
30,"네크워크  내의  모든  참여자가  공동으로  거래  정보를  검증/기록/보관함으로써  '공인된  제3자'없이도  거래  기록의  신뢰성
을  확보하는  기술로  가상화페인  비트코인에  적용된  보안기술은?",블록체인
31,"컴퓨터  시스템을  감염시켜  시스템을  잠그거나  데이터를  암호화해  사용할  수  없도록  하고  이를  인질로  금전을  요구하는
악성프로그램이며  신뢰할  수  없는  사이트,  스팸메일,  파일공유  사이트,  네트워크망을  통해  유포된다.  무엇인가?",렌섬웨어
32,"근거리에  있는  스마트  기기를  자동으로  인식하여  필요한  데이터를  전송할  수  있는  무선  통신  장치로서,  NFC가  10cm  이
내의  근거리에서만  작동하지만  이것은  최대  50m  거리에서  작동한다.  이  기술을  이용하면  쇼핑센터,  음식점,  박물관,  미
술관,  영화관,  야구장  등을  방문한  고객의  스마트폰에  할인  쿠폰이나  상세  설명  등의  데이터를  전송할  수  있다.  블루투스",비콘(beacon)
33,평면  디스플레이나  프로젝터  등에  의해  영상이나  정보를  표시하는  광고  매체로서  백화점이나  지하철  역사  안에서  흔히 보이는  광고  영상  디스플레이들입니다.  이를  무엇이라고  할까요?,디지털  사이니지
34,"사람이  타지  않고  무선  전파의  유도에  의해  비행하는  비행기나  헬리콥터  모양의  비행체인  무인항공기를  지칭하는  것으
로  이것은  작은  항공기가  벌처럼  웅웅거리는  소리를  내며  날아다니는  모습에서  이름이  붙여졌다고  한다.  무엇인가?",드론(drone)
35,"지혜의  인간을  호모사피엔스,  놀이를  즐기는  인간을  호모루덴스라고  한다.  디지털  기기를  사용하는  인간을  호모  디지쿠
스라고  한다.  그러면  휴대전화를  하는  인간으로  스마트폰을  생활화한  인류를  무엇이라고  할까?",호모  모빌리티쿠스
36,"수학계의  노벨상은  필즈상,  언론계의  노벨상은  퓰리처상이라고  한다.  컴퓨터과학계의  노벨상은  무엇일까?",튜링상
37,"사용자가  직접  제작한  콘텐츠를  일컫는  말로,  텍스트,  이미지,  오디오로도  제작이  가능하지만  가장  많이  제작되는  있는
것은  동영상이다.  무엇인가?",UCC(User  Created  Contents)
38,금융(Financial)과  기술(Technique)의  합성어?,핀테크(FinTech)
39,"온라인  인맥구축  서비스을  일컫는  말로  사용자  간의  자유로운  의사  소통과  정보  공유,  그리고  인맥  확대  등을  통해  사회
적  관계를  생성하고  강화시켜주는  온라인  플랫폼이다.  Twitter,  Facebook,  LinkedIn,  Instagram,  Pinterest  등이  있다.  무엇
인가?",소셜  네트워크  서비스(SNS)
40,"인터넷에서  모든  정보를  볼  수  있게  응용  프로그램을  (                 )  이라고  부르며,  이것의  종류에는  익스플로러,  크롬,  파이 어폭스,  오페라  등이  있다.",(웹)브라우저
41,"인터넷에  접속된  각  컴퓨터는  숫자로  구성된  (      )  주소를  사용하여  구별할  수  있다.  이것을  사람들이  기억하기  쉽게  문
자로  만든  것이  도메인(domain)  주소  이다.",IP
42,웹  문서를  만들기  위하여  사용하는  기본적인  웹  언어인  (         )은  하이퍼텍스트를  작성하기  위해  개발되었다.,HTML
43,"무상으로  공개된  소스코드를  뜻하는  (              )는  소스코드를  누구나  무료로  이용할  수  있고,  수정하여  다시  배포할  수도
있다.",오픈  소스(open  source)
44,텍스트를  음성으로  변환하는  것을  (         )이라고  한다.,TTX(Text  to  Speech)
45,인간이  가지고  있는  유전체의  모든  염기서열을  해석하기  위한  프로젝트?,(인간)  게놈  프로젝트
46,"나와  생각이  맞는  사람,  의사소통이  가능한  사람,  정보  교환이  가능한  사람을  보통  ""나랑  (         )가  잘  맞다""로  말한다.",코드
47,"대학  교육을  SW중심으로  혁신함으로써,  학생?기업?사회의  SW경쟁력을  강화하고,  진정한  SW가치  확산을  실현하는  대학
을  목적으로  현재  우리  대학에서  진행하고  있는  사업의  이름은?",소프트웨어  중심대학
48,우리  대학의  웹사이트는  주소는?,www.hallym.ac.kr
49,"(                 )시스템은  우리  대학의  학생들이  스마트한  캠퍼스  생활을  즐길  수  있도록  구축되었다.  모바일  ID를  통해  강의
출결이  가능할뿐만  아니라  도서관  이용,  학생  생활관  출입,  교내  편의시설을  쉽게  이용할  수  있다.",(한림대학교)  스마트  모빌리티
50,현실의  이미지나  배경에  3차원  가상이미지를  겹쳐서  하나의  영상으로  보여주는  기술,"AR  ,  증강현실"
51,"특정한  환경이나  생활을  컴퓨터로  만들어서  그것을  사용하는  사람이  실제  주변  상황이나  환경과  상호작용을  하는것  처
럼  만드는  인간  컴퓨터  사이의  인터페이스","VR  ,가상현실"
52,"전자기기들이  무선랜(WLAN)에  연결할  수  있게  하는  기술로  대역  내에  위치한  어느  장치라도  무선랜  네트워크의  자원에
접근할  수  있도록  개방도  가능하다.","와이파이  ,  wifi"
53,"소규모  데이터들이  P2P  방식을  기반으로  생성된  체인  형태의  연결고리  기반  분산  데이터  저장환경에  저장되어  누구라
도  임의로  수정할  수  없고  누구나  변경의  결과를  열람할  수  있는  분산  컴퓨팅  기술  기반의  데이터  대변  방지  기술",블록체인
54,"시스템에  의해  만들어진  지능,  즉  인공적인  지능을  뜻하는  말은",인공지능
55,"다중접속  역할  수행  게임은  한명  이상의  플레이어가  인터넷을  통해  모두  같은  가상  공간에서  즐길  수  있는  롤플레잉  게
임(RPG)의  일종이다.",MMORPG
56,블록체인  기술을  기반으로  만들어진  온라인  암호화폐로  BTC  또는  XBT로  표시하는  것은,비트코인
57,대표적인  입력장치로  쥐와  생김새가  비슷하게  생겨서  이름  붙여진  장치는,마우스
58,인터넷상에  저장  공간을  확보하여  이용하는  서비스를  일컷는말은?,"웹하드  ,웹드라이브"
59,"사용자가  호스트  컴퓨터나  네트워크에  자신의  아이디(ID)와  암호를  입력해서  자신을  알리고  등록하여  호스트  컴퓨터의
사용  권한을  받아  접속하는  작업을  말한다",로그인
60,"전자  서명의  검증에  필요한  공개  키(전자서명법에는  전자서명검증정보로  표기)에  소유자  정보를  추가하여  만든  일종의
전자  신분증(증명서)이다.",공인인증서
61,"모든  컴퓨터를  하나의  통신망  안에  연결하고자  하는  의도에서  만들어진  이름으로  컴퓨터를  연결하여  TCP/IP  통신프로
토콜을  이용해  정보를  주고받는  네트워크를  일컷는  말을  무엇이라고  하는가",인터넷
62,어떠한  문제를  해결하기  위해  정해진  일련의  절차나  방법을  공식화한  형태로  표현한  것을  무엇이라고  하는가,알고리즘
63,컴퓨터에서  연산및  제어를  처리하는  장치는?,"중앙처리장치  ,  CPU"
64,소스  코드를  공개해  누구나  특별한  제한  없이  그  코드를  보고  사용할  수  있는  소프트웨어를  무엇이라고  하는가,"오픈소스소프트웨어  ,  OSS"
65,windows와  같이  컴퓨터를  동작할  수  있게  해주는  (소프트웨어)프로그램을  무엇이라고  하는가?,"운영체제  ,   OS   ,Operating  System"
66,인터넷익스플로러나  크롬과  같이  인터넷  검색을  하기위해  사용하는  프로그램을  일컷는  말은?,웹브라우저
67,스티브  잡스가  설립한  컴퓨터  회사로  최초의  GUI  기반의  운영체제를  설치해  개인용  PC  판매한  회사는?,애플
68,구글  안드로이드  폰에서  사용되는  소프트웨어를  개발하기  위한  언어,자바
69,"해킹을  하는  사람이라는  뜻으로,  컴퓨터  전반,  특히  정보  보안에  능통한  전문가를  가리킨다.",해커
70,인터넷에서  연결된  사용자들이  서로의  정보를  공유할  수  있는  공간,"월드와이드웹  ,  웹  ,www"
71,바이러스를  탐지하고  차료하는  프로그램을  무엇이라고  하는가,백신프로그램
72,스스로를  복제하여  컴퓨터를  감염시키는  컴퓨터  프로그램을  무엇이라고  하는가,바이러스
73,수를  시각적으로  사용하는  방법으로  사람이  사용하는  진법은  10진수이다.  컴퓨터가  사용하는  진법은?,2진법
74,"사용자  간의  자유로운  의사소통과  정보  공유,  그리고  인맥  확대  등을  통해  사회적  관계를  생성하고  강화해주는  온라인
플랫폼을  의미를  일컷는  말은?","SNS  ,   소셜네트워크서비스"
75,"특별한  지식을  소유한  사람들을  제외하고는  누구든지  읽어볼  수  없도록  알고리즘을  이용하여  정보(평문을  가리킴)를  전
달하는  과정이다.",암호화
76,"전자적  증거물  등을  사법기관에  제출하기  위해  데이터를  수집,  분석,  보고서를  작성하는  일련의  작업을  말한다.","컴퓨터포렌식  ,  디지털포렌식"
77,"클라이언트에게  네트워크를  통해  정보나  서비스를  제공하는  컴퓨터(server  computer)  또는  프로그램(server  program)을
말한다",서버
78,역사상  최초의  프로그래머로  알려진  사람은,"에이다  러브레이스  ,  에이다"
79,컴퓨터  프로그래밍을  하고  컴퓨터  소프트웨어를  개발하는  사람을  말한다.,프로그래머
80,"현재  대한민국에서  가장  많은  사람들이  사용하는  인터넷  포털  사이트이다.  초록색과  하얀색  검색창으로  널리  알려져  있
는  사이트는?",네이버
81,컴퓨터  통신망(주로  인터넷)을  통해  편지를  주고  받을  수  있는  시스템과  해당  편지를  일컫는다,"이메일  ,  전자우편"
82,"컴퓨터(사람이나  기계)가  효과적으로  수행할  수  있도록  문제를  정의하고  그에  대한  답을  기술하는  것이  포함된  사고  과
정  일체를  일컫는다",컴퓨팅사고
83,"각종  사물에  센서와  통신  기능을  내장하여  인터넷에  연결하는  기술.  즉,  무선  통신을  통해  각종  사물을  연결하는  기술을
의미한다.","사물인터넷  ,  IoT"
84,"구글(Google)의  딥마인드(DeepMind  Technologies  Limited)가  개발한  인공지능(AI,  Artificial  Intelligence)  바둑  프로그램
이다.",알파고
85,"통상적으로  사용되는  데이터  수집,  관리  및  처리  소프트웨어의  수용  한계를  넘어서는  크기의  데이터를  말한다",빅데이터
86,"전자  우편,  게시판,  문자  메시지,  전화,  인터넷  포털  사이트의  쪽지  기능등을  통해  불특정  다수의  사람들에게  보내는  광
고성  편지  또는  메시지를  말한다.",스팸
87,"3차원  영상으로  된  입체  사진으로,  홀로그래피의  원리를  이용하여  만들어진다.  즉,  입체상을  재현하는  간섭  줄무늬를  기
록한  매체이다.",홀로그램
88,"창작물을  만든이(저작자)가  자기  저작물에  대해  가지는  배타적인  법적  권리로,  대부분의  국가에서  인정되는  권리이다","저작권  ,  카피라잇  ,  copyright"
89,동영상  플랫폼인  유튜브에  정기적  또는  비정기적으로  동영상을  올리는  사람을  말한다.,유투버
90,컴퓨터  시스템은  하드웨어와  (                )로  구성된다.,소프트웨어
91,C와  자바같이  컴퓨터  프로그램을  작성하기  위해  사용하는  언어를  (            )  라고한다.,프로그래밍  언어
92,주어진  문제를  해결하기  위한  일련의  절차를  (                          )라고  한다.,알고리즘
93,스마트폰에서  동작하는  프로그램을  (           )  이라고  한다.,앱
94,저장장치에  저장된  특정한  목적의  하나  또는  다수의  컴퓨터  프로그램을  (                         )  이라고  한다.,소프트웨어
95,총장님의  존함은?,김중수
96,한림대학교  다비스상의  위치는,도서관  정문  입구
97,한림대학교에서  가장  오래된  건물,공학관
98,CLC는  무엇의  약자일까요,Campus  life  center
99,학생식당은  CLC  몇층에  위치해있을까요,2층
100,컴퓨터는  OOOO와  소프트웨어로  구성된다.  OOOO은  무엇인가?,하드웨어
101,컴퓨터의  기억을  담당하는  하드웨어의  이름은?,memory  또는  메모리
102,"플래시  메모리,  하드디스크,  디스켓,  USB  메모리  등으로  분류되는  장치의  이름은?",보조기억  장치
103,2의보수에서  N비트  signed  정수  표현  범위는  -128  ~  127이다.  이때   N의  값은?,8
104,16진수를  뜻하는  3글자의  약어?,HEX
105,통신을  위해  컴퓨터  또는  단말들을  서로  연결하여  만든  망을  무엇이라고  하는가?,네트워크
106,이  문장은  Loop  문에서  만나면  돌던  Loop를  멈추고  나간다.  이  명령어는?,continue
107,파이썬은  OOOO  언어이다.  OOOO은?,객체지향
108,파이썬에서  나머지를  계산하는  연산자는?,%
109,여러  개의  네트워크를  상호  연결한  네트워크는?,인터넷
110,정보  표현의  최소  단위는?,bit  또는  비트
111,불의의  사고로  인한  데이터의  손상과  파괴를  막기  위해  파일을  복사하여  다른  곳에  보존하는  보호방법의  이름은?,백업
112,파이썬에서  수학관련  및  과학  연산  모듈  중  다차원  배열을  처리하기  위해  자주  쓰는  모듈은?,"Numpy  또는  NumPy,  numpy"
113,HTML  웹  표준으로  문서를  작성하여  HTTP를  통해  송수신  호스트  간에  전송하는  기술?,월드  와이드  웹  또는  WWW
114,"근거리  무선  통신  산업  표준으로  2.4~2.485GHz의  단파  UHF(울트라  하이  프리퀀시)  전파를  사용한  짧은  거리의  통신  방
식  규정으로  개인용  장치에  마우스,  키보드,  휴대전화,  스피커  등을  주로  연결한다.",블루투스
115,컴퓨터의  두뇌라고  하는  하드웨어의  이름은?,CPU
116,문자를  표현하는  가장  작은  단위로  8개의  비트로  구성된  단위는?,byte  또는  바이트
117,"신세대  보조기억장치로  플래시  메모리로  구성되었으며,  입출력  속도가  하드디스크보도  매우  빠른  이  장치는?",SSD  또는  스스디
118,주변장치  중  화면의  특정  위치를  지정하거나  선택하기  위해  사용하는  입력장치는?,마우스
119,01100110을  10진수로  바꾸면?,102
120,파이썬에서  몫을  계산하는  연산자는?,//
121,논리에서  연산  법칙  중  두  원소의  위치를  바꾸어도  결과가  같은  경우를  설명하는  법칙은?,교환법칙
122,"시스템의  하드웨어  및  응용  소프트를  관리하고  실행하기  위한  플랫폼  및  서비스를  제공하는  시스템  소프트웨어를  뭐라
고  하는가?",OS  또는  운영체제
123,프로그램  내에서  오류를  찾아내  제거하는  작업을  뭐라고  부르는가?,디버깅
124,전자기기들이  무선랜에  연결할  수  있는  기술로  2.4GHz  또는  5GHz  무선  대역을  사용한다.,와이파이
125,소프트웨어의  소스코드를  공개하여  무료로  이용할  수  있도록  한  것은?,오픈소스
126,속성이  정해지지  않았거나  빈  값을  나타내기  위한  표현은?,NULL  또는  널
127,"소프트웨어를  무단으로  수정하여  악용하거나,  정보를  훔쳐서  피해를  주는  행위를  무엇이라고  하는가?",크래킹
128,운영체제  중  가장  기본적인  컴퓨터의  입출력을  처리하는  소프트웨어  시스템은?,bios  또는  바이오스
129,실제로  존재하는  환경에  가상의  사물이나  정보를  합성하여  보여주는  컴퓨터  그래픽  기술?,증강현실  또는  AR
130,컴퓨터  네트워크에서  장치들이  서로를  인식하고  통신을  하기  위해  사용하는  특수한  번호?,IP  주소
131,여러  종류의  매체를  합쳐  여러  형식의  정보  콘텐츠와  정보처리를  사용하여  정보와  즐거움을  주는  것?,멀티미디어
132,인터넷을  기반으로  정보를  자신의  컴퓨터가  아닌  다른  컴퓨터로  처리하는  기술?,클라우드
133,산술  논리  장치의  영어  약어  표현은?,ALU
134,67을  2진수로  표현하면?,1000011
135,서로  다른  기종의  컴퓨터끼리  데이터를  송수신하기  위해  전송  형식이나  절차  등을  정한  통신  규약?,프로토콜
136,대량의  데이터로부터  가치를  추출하고  결과를  분석하는  기술?,빅데이터
137,이  코드  체계에서  각  문자는  8비트로  구성되고  256개의  문자를  나타낸다.  거의  표준으로  사용되는  문자  코드  체계는?,ASCII  또는  아스키  코드
138,4가지  비트  논리  연산을  모두  적으시오.,"AND,NOT,OR,XOR"
139,"기억  장치  중  가장  속도가  빠르고,  비용이  비싸며  용량이  적은  메모리는?",register  또는  레지스터
140,컴퓨터가  한번에  처리할  수  있는  명령  크기  단위를  (         )라고  한다.,워드  또는  word
141,플래시  메모리는  크게  NAND  타입과  (        )  타입이  있다.,NOR
142,"OO은  컴퓨터  내부  및  외부  장치들  간에  전송  경로를  의미하며,  데이터와  명령을  전달한다.",bus  또는  버스
143,"OO은  두  수의  합이  진법의  밑수(N)가  되게  하는  수를  의미하며,  음의  정수를  표현하기  위해  사용한다.",보수
144,OOO  또는  OOOOO은  각종  사물에  센서와  통신  기능을  내장하여  인터넷에  연결하는  기술이다.,IoT  또는  사물인터넷
145,"특정  하드웨어  장치에  포함된  소프트웨어로  소프트웨어를  읽어  실행하거나  수정하는  것도  가능한  장치를  뜻하는  소프
트웨어",firware  또는  펌웨어
146,컴퓨터가  판독할  수  있도록  고안된  굵기가  다른  흑백의  막대로  조합시킨  코드?,바코드
147,"공격자가  좀비  컴퓨터를  이용하여  공격  대상  컴퓨터나  네트워크에  과도하게  많은  데이터를  보내  시스템  기능을  저하  시
키는  공격?",Dos  또는  디도스
148,"다른  시스템에  정보를  전송하거나  조작하기  위한  경계면,  접점  또는  도구로  사용자가  기기를  쉽게  동작시키기  위한  시스
템",인터페이스
149,흑백  격자무늬  패턴으로  정보를  나타내는  이차원  바코드?,QR코드
150,"4차  산업혁명  시대의  원유  라고  불리우며  5V(Volume,  Variety,  Velocity,  Value,  Veracity)의  특징을  가진  것은",빅데이터
151,"프로그래밍에  집중한  유연한  개발  방식으로  상호작용,  소프트웨어,  협력,  변화  대응에  가치를  두는  기법은",애자일
152,데이터에  의미를  부여해  문제를  분석하고  해결해  나가는  사람들을  말하는  직업군은,데이터  사이언티스트
153,"사용자들의  장치와  가까운  데이터의  밑단부에서  컴퓨팅하는  기술을  일컫는  말로써  클라우드  컴퓨팅의  단점을  보완하는
기술은",엣지  컴퓨팅
154,사용자  생활환경  안에서  자연스럽게  요구사항을  인지해  필요한  서비스를  제공하며  인터페이스를  최소화  시키는  방식은,제로UI
155,LTE  속도와  비교했을  때  LTE를  지하철이라고  하면  이  방식은  고속전철로  비유할  수  있다.  이것은  무엇인가,5G
156,"규제를  뜻하는  regulation과  기술을  뜻하는  technology의  합성어로  금융  서비스  부문의  법규  준수와  규제를  해결하기
위한  기술은",레그테크
157,"개인정보  열람  요청  권리,  정정  요청  권리,  삭제  요청  권리  등이  포함된  규정으로  유럽의회에서  개인  정보보호를  강화하
기  위해  만든  통합  규정은",GDPR  (유럽일반개인정보보호법)
158,"작품을  기획하고  설명하는  큐레이터에서  파생된  서비스로  빅데이터  분석을  통해  기사,  컨텐츠  등을  개인  맞춤형으로  제
공하는  서비스는",큐레이션  서비스
159,생성적  적대  신경망을  뜻하며  상반된  목적을  가진  두  인공지능이  서로  경쟁하는  학습기법을  뜻하는  것은,GAN
160,"디자이너들이  생각하는  방식을  다른  분야에  적용한  것으로  사용자  중심  프로세스를  통해  복잡한  문제에  대한  해결  방법
을  도출하는  방법은",Design  Thinking(디자인  씽킹)
161,"사용자(비즈니스)의  의도에  따라  스스로  학습하고  적응하며  자동화할  뿐  아니라  보안위협까지도  방어해  보호할  수  있는
네트워크를  뜻하는  개념으로,  마치  사람과  같은  직관력을  갖고  판단해  동작하는  네트워크  라는  의미를  담은  개념은",Intent  Based  Network
162,"네트워크  기술에서  제어와  전송  부분을  분리하는  기술로  ‘개방성’과  ‘유연성’을  핵심  기술로  실제  네트워크  기능을  모두
SW가  통제하는  의미를  가진  네트워크는",SDN  (Software-Defined  Network)
163,"시간과  장소에  구애받지  않고  즐길  수  있는  스낵처럼  출퇴근  시간이나  점심시간  등  짧은  시간에  간편하게  문화생활을
즐기는  라이프  스타일  또는  문화  트렌드를  말하는  것으로  웹툰,  웹  소설과  웹  드라마가  대표적인  이것은",스낵  컬쳐
164,"미국  방위  산업체  ‘보스턴  다이내믹스(Boston  Dynamics)’가  만든  미래형  휴머노이드형  로봇이다.  2015년  로봇  경진대회
‘다르파(DARPA)  로보틱스  챌린지(DRC)’에  참가한  이후로  비약적인  발전을  거듭하여  인간과  매우  흡사한  형태로  발전한
로봇의  이름은",아틀라스
165,"1980년대부터  나타난  일종의  ‘사기  수법’으로  기업의  이메일  정보를  해킹,  거래처로  둔갑시킨  뒤  피해  대상  기업에  메일
을  보내  악성  코드를  감염시킨  후  업체가  지불  결제  방식을  바꾸도록  유도하여  거래  대금을  가로채는  범죄  수법을  일컫
는  해킹  방법은",스캠
166,"미국  라스베이거스에서  매년  1월에  개최되는  세계  최대  가전  전시회로  최신  가전제품과  기술을  읽을  수  있는  행사다.  스
마트홈,  웨어러블,  3D프린팅,  오디오,  자동차,  전자,  헬스  ·  바이오,  인터넷,  온라인  미디어,  로봇,  센서  등  거의  모든  종류
의  가전  및  관련  SW/HW  업체가  참가하는  행사는",CES  (Consumer  Electronics  Show)
167,"인터넷을  이용하지  못하는  오지까지  인터넷을  보급하기  위한  ‘구글’의  프로젝트로  .  전  세계  누구나  인터넷을  이용할  수
있도록  열기구와  같은  대형  풍선에  통신  장비를  달아  비행기가  다니는  고도  10km보다  높은  약  20km  상공에  띄워  지상 안테나  혹은  다른  풍선과  통신하며  지상에  인터넷  신호를  보내주는  무선  공유기의  역할을  담당하도록  하는  대형  프로젝
트의  이름은",프로젝트  룬(Project  Loon)
168,"미국  전기자동차업체  ‘테슬라(Tesla)  모터스’의  자동차에  탑재되는  시스템으로  전방  카메라와  레이더,  차량  둘레에  있는
12개  초음파  센서로  차량을  조종하고  속도를  조절하는  자율주행  시스템의  이름은",오토  파일럿  (Auto  Pilot)
169,"이  언어는  ‘애플’이  2014년  iOS와  OS  X  운영체계의  개발용으로  내놓은  프로그래밍  언어로  함수형과  객체형  언어  중간격
인,  스크립트  언어이기  때문에  컴파일이  필요  없으며,  오브젝티브  C에서  C언어  특성을  줄이고  객체지향  언어의  성격을
강화했다.  2015년  오픈  소스로  전환된  이  언어의  이름은",스위프트(Swift)
170,"미국  스타트업  ‘네버웨어(Neverware)’가  개발안  소프트웨어로,  구형  노트북에  ‘구글’의  최신  크롬  운영체계(OS)를  설치하
여  크롬북으로  만들어  주는  소프트웨어다.  '마이크로소프트’의  윈도우(Windows)가설치된  개인용  컴퓨터(PC)는  물론  ‘애
플’의  iOS를  쓰는  아이맥이나  맥북도  가능한  이  소프트웨어의  이름은",클라우드레디  소프트웨어(CloudReady SW)
171,"‘페이스북’에서  공개한  같은  직장  동료들이  소셜  네트워킹  서비스(SNS)를  기반으로  협업하기  위한  기업용  소셜  도구로
기존의  기업용  SNS인  ‘스랠테크몰로지스’의  ‘슬랙’,  '아틀라시안’의  ‘힙챗’,  '마이크로소프트’의  ‘야머’  등과  시장  주도권  경
쟁을  벌이고  있는  도구의  이름은",페이스북  워크플레이스(Workplace  by Facebook)
172,"가입  회원이  사망할  경우  고인의  인터넷  정보를  어떻게  처리할지  유언을  확인한  후  해당  정보  처리를  대행해  주는  서비
스를  말한다.  데이터를  모두  삭제할지,  가족이나  누군가에게  넘겨줄지에  대해  미리  결정할  수  있다는  점에서  최근  사용
자가  늘고  있는  이  서비스는  무엇인가",디지털  장례  서비스
173,"컴퓨터  소프트웨어(SW)를  활용해  기사가  자동  작성되는  저널리즘을  말한다.  인터넷상에서  각종  정보를  수집하고  정리
한  뒤  알고리즘을  통해  이를  분류하고  의미를  해석,  기사를  작성하는  이러한  저널리즘을  부르는  말은",로봇  저널리즘
174,"밖에서  바쁘게  돌아다니며  일하지만  실제로는  스마트폰으로  인터넷  세상에  머무르는  현대  중국인들을  일컫는  말로  시
간과  장소에  구애받지  않고  바쁘게  일하지만  실제로는  스마트폰으로  쉴  새  없이  인터넷을  즐기는  현대  중국인들을  묘사
한다.  국내에도  ‘호모  모빌리스(Homo  Mobilis)’라는  유사한  신조어가  사용되는데  이를  무엇이라  부르는가",피아오자이족
175,"소프트웨어  분야에서  아직  개발되지도  않은  가상제품을  미리  발표하는  것을  말한다.  이는  사용자들에게  지금은  할  수  없
는  일이  가능하다는  환상을  심어주고당장  구할  수  있는  경쟁업체의  제품을  사지  못하도록  하는  전략이다.  이  전략을  가
장  적절하게  구사해온  업체가  바로  미국의  마이크로소프트사다.  무엇일까",베이퍼웨어(Vapor  Ware)
176,"어려서부터  인공지능(AI),  로봇  등  기술적  진보를  경험하며  자라나는  세대로  2011년  이후에  태어난  0~8세  영유아를  지
칭한다.  이들은  AI  스피커와  대화하면서  원하는  동요를  듣거나  동화를  읽어주는  서비스를  받으며  자란다.  하지만  이  세 대는  사람과  소통하는  대신  기계와의  일방적  소통에  익숙해  정서나  사회성  발달에  부정적인  영향을  미칠  수  있다는  우
려가  있다.  무엇일까",알파세대
177,"온실가스  등  환경오염  물질  발생을  사전에  막는  기술로  생물체에서  영감을  얻어  문제를  해결하려는  ‘생물  영감’과  생물
을  본뜨는  ‘생물  모방’을  아우르는  개념이다.  사후  대책의  성격이  강한  ‘녹색  기술’과  차별화되는  이  기술의  목표는  생물 의  구조와  기능을  연구해  경제적  효율성이  뛰어나면서도  자연  친화적인  물질을  창조하는  데  있다.  이  분야의  전문가들은
식물의  잎처럼  광합성  능력이  있는  인공  나뭇잎을  만들  궁리를  하고  있다고  한다.  무슨  기술일까",청색  기술
178,"유럽에서  매출을  올리는  전  세계  100대  IT기업들을  대상으로  순이익이  아닌  매출을  기준으로  3%의  세금을  부과하는  것
을  말한다.  2020년  시행을  목표로  협의  중이지만  프랑스·오스트리아  등은  도입  찬성을,  아일랜드·룩셈부르크  등은  반대 를  하고  있어  EU  내부에서도  갈등을  빚고  있다.  온라인  광고,  광고  이용자  데이터  판매  등을  통해  실제로  수익을  얻는  국 가에는  세금을  거의  내지  않아  문제가  되자  IT  기업의  소득  이전  행위를  막고,  영업하고  있는  국가에서  수익이  발생하면 이에  맞는  세금을  부과하기  위해  마련됐다.  사실상  미국  도널드  트럼프  행정부가  유럽을  비롯한  외국산  철강·알루미늄에 25%,  10%  관세를  부과하기로  한데  대한  보복으로,  미국  IT기업들에  대한  세금을  부과하려  계획하고  있다는  분석도  나오
기도  하는데,  유럽연합(EU)이  추진하고  있는  세제안의  이름은  무엇인가",디지털세  (Digital  Tax)
179,"중국  최대  인터넷업체인  바이두(百度,  Baidu)가  주도하는  자율주행차  연구  사업으로  바이두는  2017년  차세대  주력사업
중  하나로  ‘자율주행차’를  선정하고  주요  기술을  소프트웨어  플랫폼  형태로  파트너사에게  제공하고  파트너사의  자율주 행  데이터를  활용해  기술  개발과  보완을  하는  개방형  협력체계를  추진하고  있다.  이  프로젝트에는  현대차를  비롯해  다임 러,  포드,  베이징자동차,  보쉬,  델파이  등  완성차  메이커  및  자동차  부품사,  마이크로소프트  등  ICT업체,  중국  전기차  스타
트업,  학계  등  다양한  파트너들이  참여하고  있다.  이  프로젝트의  이름은",아폴로  프로젝트
180,"미래학자인  스탠  데이비스가  1999년  그의  저서에서  처음  사용한  용어로  인공지능(AI)·빅데이터·사물인터넷(IoT)  등  첨단
정보통신기술(ICT)의  발달로  산업의  경계가  모호해지는  현상을  말한다.  농림축산식품부와  한국농수산식품유통공사는 ‘2018년  외식  트렌드’를  이끌어  갈  키워드로  이  용어를  꼽았다.  배달  앱,  키오스크,  전자결제  수단의  발달로  온·오프라인 의  서비스가  융합되며  외식서비스가  빠르게  변화할  것이란  예측과  함께  4차  산업혁명  시대에  ‘무인화·자동화’  경향의  확
산으로  업종  간  경계가  모호해지면서  이  현상이  가속화될  것이라는  전망도  나온다.  무슨  현상인가",빅  블러(Big  Blur)
181,"2017년  2월  옥스퍼드  영어사전  온라인판에  신조어로  추가된  신조어로  ‘클릭(Click)’과  ‘액티비즘(Activism)’의  합성어로,
시간이나  노력은  거의  안  들이면서  온라인상에서  정치적·사회적  명분을  지지하는  행위를  부정적으로  일컫는  말이다.  시 간이나  노력은  별로  들이지  않으면서  지지  표명만  한다는  뜻으로,  ‘말만  앞선다’는  의미로  쓰인다.  소셜미디어를  활용하 여  시위를  조직하는  활동가를  설명하는  말로  종종  쓰이기도  하는데,  SNS를  통해  ‘아랍의  봄’과  ‘월가  점령  시위’가  확산 한  데  따른  것이다.  국내에서는  2008년  광우병  촛불집회에서  처음  사용됐으며,  차가운  물을  끼얹는  것이  루게릭병의  고
통과  비슷하다고  해서  시작된  아이스  버킷  챌린지도  SNS를  이용한  하나의  예시다.  이  단어는  무엇인가",클릭티비즘
182,"금융을  뜻하는  파이낸셜(financial)과  기술(technique)의  합성어로  금융과  정보기술(IT)의  융합으로  탄생한  새로운  형태의
금융  서비스  및  산업  변화를  의미한다.  모바일  결제  및  송금,  개인자산관리,  크라우드  펀딩  등을  일컫는  이  용어는",핀테크
183,"인터넷을  통해  다른  사람이  기르는  고양이의  사진이나  동영상을  즐겨  보는  사람을  뜻하는  신조어다.  온라인상에서  영상,
사진  등을  통해  동물  보는  걸  즐긴다고  해서  뷰니멀로도  불린다.  현실을  이유로  고양이를  기르지  못하니  다른  이들의  고 양이라도  보면서  위안을  받는  사람을  뜻한다.  구독자  수가  100만이  넘는  고양이  유튜브  채널을  찾는  건  어렵지  않다.  많
은  사람이  동영상으로  고양이를  보면서  집사를  자처하기도  하는  이런  사람들을  무엇이라고  하는가",랜선집사
184,"얼마  전  구글이  미국  샌프란시스코에서  열린  '게임개발자회의  2019'(GDC  2019)에서  발표한  비디오  게임  스트리밍  플랫
폼으로  이다.  사용자는  게임을  하기  위해  플레이스테이션  같은  하드웨어(HW)  콘솔을  구매할  필요가  없으며  랩톱,  PC,  태
블릿,  스마트폰  등  자신의  기기를  스트리밍  서비스에  접속하기만  하면  되는  플랫폼의  이름은",스타디아(Stadia)
185,"전기스쿠터,  초소형전기차와  같은  친환경  동력에  기반을  둔  소형  근거리  이동수단을  말하는  용어는",마이크로  모빌리티
186,"1995년  미국  정보기술(IT)  연구  기업인  제록스파크의  소속  연구원  마크  와이저와  존  실리  브라운  논문에서  처음  사용한
용어로  사람이  인지하지  못한  상태에서  일상생활  환경에  센서,  컴퓨터,  네트워크  장비를  보이지  않게  내장해  각종  서비 스를  제공하는  기술이다.  이  기술은  평소에는  이용자가  인지하지  못할  정도로  존재를  드러내지  않는다.  그러다  필요함이 생길  때  정보를  제공하는  것을  목표로  한다.  4차  산업혁명  핵심인  빅데이터,  인공지능(AI),  사물인터넷(IoT)  등  첨단  기술
기반으로  발전하고  있는  이  기술은",캄테크  (Calm  Tech)
187,"인공지능(AI)  알고리즘이  스스로  문제를  분석하고  질문에  최적화된  답안을  찾아내는  기술을  말한다.  사람이  텍스트를  읽
고  질문  답변을  추론하듯이  AI가  문장  속에서  의미를  찾고  답변할  수  있다.  추론은  불가능하지만  사람이  관련  정보를  찾
기  위해  정보를  일일이  확인하지  않아도  답을  찾아낼  수  있는  이  기술은",기계독해(Machine  Reading Comprehension:MRC)
188,"게임사  밸브  코퍼레이션에서  개발해  운영하고  있는  온라인  게임  유통  시스템(ESD)으로  본래  게임  자동  업데이트  클라이
언트로  시작해  현재  전  세계에서  가장  큰  ESD로  성장,  PC  게임  표준  플랫폼으로  자리  잡았다.  이용자는  게임을  구매해 라이브러리에  저장,  언제든지  플레이할  수  있으며  1만개  이상  게임이  입점해  있다.  결제와  환불이  자유로워  편의성이  높
다.  채팅,  방송  및  다양한  커뮤니티  기능도  제공한다.  이  시스템의  이름은  무엇인가",스팀(Steam)
189,"미국  온라인  시민단체  무브온  이사장인  엘리  패리저가  쓴  책  '생각  조종자들'에서  제기된  개념으로  대형  인터넷  정보기
술(IT)  업체가  '맞춤  정보'를  제공해서  필터링된  정보만  도달시켜  비슷한  성향  이용자를  한울타리에  모아  두는  현상을  지 칭한다.  구글,  페이스북,  트위터  등  테크  기반  기업은  사용자가  어떤  콘텐츠를  소비했는지,  어디에  반응했는지,  좋아하는 주제는  무엇인지  파악해서  사용자가  좋아할  법한  콘텐츠  위주로  제공한다.  이용자는  방대한  정보  가운데  필요한  정보만
받게  되는  이런  현상을  무엇이라  하는가",필터버블
190,"데이터  센터  내  모든  자원이  가상화돼  서비스한다.  인력  개입  없이  소프트웨어(SW)  조작만으로  자동  제어  관리한다.  이
는  데이터  센터를  효율적으로  운영하고  편리하게  관리하기  위해  등장했다.  특정  하드웨어와  상관없이  독립적이다.  실제 물리적  환경과  동일하게  구성되며,  컴퓨팅,  네트워킹,  스토리지,  관리  등을  모두  SW로  정의해  데이터  센터를  구성·관리한
다.  무엇이라  하는가",SDDC(소프트웨어정의  데이터센터)
191,"스캐너를  이용해  이미지  형식으로  변환된  스캔  만화  및  웹툰을  식별하는  기술이다.  포털사이트,  웹하드,  토렌트  등을  통
해  불법  유통되는  만화  및  웹툰  콘텐츠를  찾아낸다.  이  기술은  만화  특징과  식별  시스템을  합쳐  놓은  것이다.  스캔  만화
및  웹툰  특징을  추출,  비교,  분석해  권  단위  만화·웹툰을  식별한다.  이  기술은  무엇인가",스코비스(SCOBIS)
192,"소프트웨어(SW)가  설치돼  있지  않은  하드웨어(HW)다.  사용자가  별도로  제작한  운용체계(OS)부터  모든  SW를  선택할  수
있다.  전용  중앙처리장치(CPU)와  HW로  제어한다.  기업은  dlrjt을  이용해  고유  업무  특성에  맞는  최적  환경을  구축할  수 있다.  메모리와  스토리지  용량을  선택할  수  있기  때문이다.  적용  분야에  따라  그래픽처리장치(GPU)까지  추가로  구성해 딥러닝,  실시간  데이터  처리  등을  위한  전용  인프라로  사용할  수  있다.  최근  HW에  대한  더욱  강력한  제어와  접근  권한이
필요해짐에  따라  주목받고  있는  이것은  무엇인가",베어메탈
193,"인공지능(AI),  사물인터넷(IoT)  등  다양한  기술이  융합된  자율화  공장이다.  제품  설계와  제조,  유통,  물류  등  산업  현장에
서  생산성  향상에  초점을  맞춰,  기계,  로봇,  부품  등이  상호  간  정보  교환으로  제조  활동을  한다.  모든  공정  이력이  기록 되며,  빅데이터  분석으로  사고나  불량을  예측할  수  있다.  컨베이어  생산  활동으로  대표되는  산업  현장에서  모듈형  생산 이  컨베이어를  대체하고  IoT가  신경망  역할을  한다.  센서와  기기  간  다양한  데이터를  수집하고,  이를  서버에  전송한다. 서버는  데이터를  분석해  결과를  도출한다.  서버에는  AI  기계학습  기술이  적용돼  빅데이터를  분석한다.  생산성  향상을  위
한  최적  방법을  제시하는  것을  목표로  하는  이러한  공장을  무엇이라  하는가",스마트  팩토리
194,"정보통신  기기나  서비스를  이용하며  느끼는  사용자  경험을  일컫는  용어로  스마트폰과  태블릿PC  같은  정보통신기술  제
품의  경쟁력을  가를  요소로  떠올랐다.  단순히  사용자  편의를  개선하는  데  머무르지  않고  제품과  사람  간  감정·신체적  상
호작용을  실현하는  게  목표인  이  용어는  무엇인가",유엑스(UX  :  User  eXperience)
195,"텍스트  마이닝의  한  분류로서,  특정  주제에  대한  사람들의  주관적  의견을  통계·수치화해  객관적  정보로  바꾸는  빅데이터
분석  기술이다.  텍스트  마이닝과  같이  문장을  분석하기  때문에  자연어  처리  방법(NLP)를  사용하지만,  텍스트  마이닝은 문장  내  주제를  파악하고  이  기술은감정·뉘앙스·태도  등을  판별한다는  차이가  있다.  이  때문에  감정  분석(Sentiment
Analysis)이라고도  불리는  이  기술은  무엇인가",오피니언  마이닝
196,"수많은  데이터가  쏟아지는  빅데이터  시대에서  데이터에  담겨있는  의미를  파악해  내는  능력은  데이터  활용  과정  전반에
꼭  필요한  역량이다  이는  이  시대의  개인에게도  꼭  필요한  능력이며  데이터  수집  역량,  관리  역량,  가공  및  분석  역량,  시 각화  역량,  기획  역량  등이  데이터를  활용하는  능력이다.  데이터를  목적에  맞게  활용하는  데이터  해석  능력을  말하는  이
것은  무엇인가",데이터  리터러시
197,"공기압의  압력  차를  이용해  빠른  속도로  움직이는  튜브형  초고속열차다.  고속  수송  시스템의  하나로  2013년  8월  엘론
머스크(Elon  Musk)가  구상해  발표한  개념이다.  이  열차는  캡슐  모양으로  튜브로  만든  궤도  속을  달린다.  튜브  안은  공기 를  제거해  압력이  매우  낮은  환경을  만들어  공기저항을  최소화한  것이  특징이다.  공기  마찰이  거의  없으므로  일반  열차
보다  빠른  속도를  낼  수  있다고  한다.  이  여열차의  이름은  무엇인가",하이퍼루프
198,"산업  현장에서  필요에  따라  사람을  구해  임시로  계약해서  일을  맡기는  경제  형태를  뜻한다.  노동자  입장에서는  어딘가에
고용되지  않고  필요한  때  일하는  유연한  임시직  경제  방식이다.  차량공유  서비스  우버  기사나  숙박공유  서비스  에어비앤 비에  숙소를  제공하는  사람  등  온디맨드  서비스에  참여하거나  프로젝트에  참여하는  프리랜서  및  1인  기업  등이  대표적 인  주체이다.  재능이나  시간  등이  있는  사람과  이를  필요로  하는  사람이  연결돼  서로  재화,  용역,  대가를  주고받는  거래
방식인  이것은  무엇인가",긱(GIG)  경제
199,"공기압·유압  또는  전기  힘으로  움직이는  전자기기  로봇을  말하는  것으로  과거  수입  영화  '터미네이터2'나  '킹콩'  등에서
부터  국산  영화  '차우'까지  초보적인  이  기술이  사용됐다.  이  기술을  활용하면  컴퓨터생성이미지(CGI)로  표현하는  것보다 저렴하게  장면을  구현할  수  있다.  실제  존재하는  사물이기  때문에  근접  촬영을  해도  훌륭한  질감과  움직임을  얻을  수  있 다.  디즈니는  공중제비를  도는  스틱맨  로봇을  공개한  데  이어  자유롭게  관절과  표정을  움직일  수  있는  스턴트로봇  스턴
트로닉스를  공개했다.  애니메이션과  일렉트로닉스를  합친  이  기술은  무엇인가",애니메트로닉스
200,"진법이란  사용할  수  있는  수의  개수와  각  숫자의  위치값을  정의한  수  체계로  이진법에서  사용할  수
있는  숫자는  1,  2로  두개이다.",X
201,AND  연산은  두개의  값이  모두  참이면  결과도  참이다,O
202,고급언어로  작성한  프로그램은  기계어로  번역하는  과정없이  실행이  가능하다,X
203,평문을  암호문으로  바꾸는  과정을  복호화라  한다,X
204,공개키를  이용해서  암호화하고  비밀키를  이용해서  복호화하는  방식을  공개키  암호화라  한다,O
205,RAM은  읽기전용의  비휘발성  기억장치이다,X
206,"4G란  4세대  이동통신으로  문자,  음성,  동영상  등  멀티미디어  데이터  전송을  가능하게  하였으며  유심칩을  사용하기  시작
했다.",X
207,byte는  문자를  나타내는  최소  단위로  한글이나  한자는  2개  byte를  사용하여  표현한다.,O
208,안드로이드  모바일  플랫폼은  공개형이다,X
209,사물인터넷이란  모든  사물에  칩을  넣어  어느곳에서도  사용할  수  있도록  구현한  것이다,X
210,1  바이트는   몇  개의  비트로  구성되는가?,8bit
211,각종  사물에  센서와  통신기능을  내장하여  인터넷에  연결하는  기술을  무엇이라  하는가?,사물인터넷
212,"사용자의  동의없이  설치되어  광고나  마켓팅  정보를  수집하거나  개인정보를  몰래  훔쳐가는  프로그램을  무엇이라  하는
가?",스파이웨어
213,다른  사람의  컴퓨터  또는  정보시스템에  침입하여  정보를  빼내는  행위하는  사람을  무엇이라고  하는가?,해커
214,화상  정보를  광학적으로  인식하여  컴퓨터에  입력하는  장치를  무엇이라  하는가?,스캐너
215,사용자가  웹  서버로부터  받은  하이퍼미디어  문서를  볼  수  있도록하는  클라이언트  측  소프트웨어를  무엇이라  하는가?,웹  브라우저
216,"초고속  광대역  통신  네트워크를  기반으로  인터넷  회선을  사용해  양방향으로  TV방송을  제공하는  서비스를  무엇이라고
하는가?",IPTV
217,"다양한  기기  간에  무선으로  데이터  통신을  할수  있도록  만든  무선  PAN(Wireless  Personal  Area  Network)기술을  무엇이
라고  하는가?",블루투스
218,SNS는  무엇의  약자인가?,Social  Network  Service
219,"여러  대의  좀비컴퓨터를  분산  배치하여  동시에  공격  대상  컴퓨터나  네트워크를  보내  공격하는  해킹  방법을  무엇이라  하
는가?",디도스
220,모바일  기기의  과도한  사용으로  뇌  기능이  손상되어  어느  순간부터  인지  기능을  상실하는  질병을  무엇이라고  하는가?,디지털  치매
221,살아있는  사람의  신원을  생리학적  특징이나  행동적  특징을  기반으로  하여  인증하는  기술을  무엇이라고  하는가?,생체인식
222,"아스키코드,  유니코드,  EBCDIC  코드  중  전세계  문자을  모두  표현할  수  있는  것은?",유니코드
223,"옷이나  안경처럼  액세서리  형태로  착용하여  사람과  같이  숨  쉬고  느끼면서  주변환경을  인지하는  컴퓨팅  기술을  무엇이
라고  하는가?",웨어러블  컴퓨팅
224,"컴퓨터  그래픽  기법으로  실제  환경에  가상  객체를  합성하여  가상  객체가  실제로  존재하는  것  처럼  보이게  하는  기술을
무엇이라고  하는가?",증강현실(또는  혼합현실)
225,"텍스트,  그래픽,  이미지,  사운드,  비디오  등의  미디어를  두개  이상  사용하여  어떤  목적을  가진  컨텐츠로  제작하고  이를  통
신매체를  통해  제3자에게  제공하는  기술을  무엇이라고  하는가?",멀티미디어
226,멀티미디어라는  용어를  처음으로  사용한  사람은?,스티브잡스
227,"하드웨어와  사용자  사이에서  인터페이스를  제공하고  시스템  자원을  효율적으로  관리하여  컴퓨터의  성능을  향상시키는
시스템  소프트웨어를  무엇이라고  하는가?",운영체제
228,"프로그램  소스코드를  공개하여  누구나  특별한  제한없이  자유롭게  사용,  복제,  배포,  수정할  수  있는  소프트웨어를  무엇
이라고  하는가?",오픈소스
229,웹에서  사용하는  표준  주소  표기  방식을  무엇이라고  하는가?,URL(Uniform  Resource  Locator)
230,HTML이라는  웹  표준으로  문서를  작성하고  HTTP를  통해  송수신  호스트간에  데이터를  전송하는  기술은  무엇인가?,웹(WWW:World  Wide  Web)
231,"2007년  MIT  미디어  랩에서  개발된  교육용  프로그래밍언어로  작은  명령  단위인  블록  조각을  조립하여  프로그래밍하는
언어는?",스크래치
232,"가상화  기술과  분산처리  기술을  기반으로  인터넷을  통해  대규모  컴퓨터  자원을  임대하고  사용한  만큼  요금을  지불하는
컴퓨팅  환경은?",클라우드  컴퓨팅
233,매우  큰  규모의  데이터로부터  가치를  추출하고  결과를  분석하는  기술을  무엇이라고  하는가?,빅데이터
234,검색  엔진을  이용하여  데이터를  수집하는  기술을  무엇이라고  하는가?,크롤링
235,"사용자가  노트북이나  휴대폰과  같은  기기를  외부와  접속하여  유목민처럼  자유자재로  이동하면서  컴퓨터를  사용하는  기
술을  무엇이라고  하는가?",노매딕(nomadic)  컴퓨팅
236,"외부의  공격으로부터  시스템을  보호하고  내부의  중요한  정보가  유출되지  않도록  차단하는  하드웨어와  소프트웨어를  무
엇이라고  하는가?",방화벽
237,자주  사용하는  여러  개의  명령어를  하나의  키동작으로  실행시키는  것을  무엇이라고  하는가?,매크로
238,고급  언어로  작성된  프로그램을  한  행씩  읽어  번역과  실행을  동시에  하는  것을  무엇이라고  하는가?,인터프리터
239,"정상적인  프로그램으로  숨어있다가  프로그램이  실행될  때  활성화되어  자료삭제,  정보탈취  등의  의도하지  않은  기능을
수행하는  프로그램을  무엇이라하는가?",트로이목마
240,"인터넷  주소는  인터넷에  연결된  여러장치를  식별하는  번호로  네개의  10진수로  구성되는  (IP주소)와  숫자형태의  주소를
기억하기  쉽게  하기위해  부여된  (도메인  이름)으로  구분한다",
241,"(터치스크린)은  화면의  한  점을  손가락이나  스타일러스  펜  등으로  누르면  접촉점의  좌표값을  컴퓨터에  전달하는  위치
감지기가  내장된  화면이다",
242,"(비트맵)  방식은  픽셀이라는  점을  여러  개  모아  하나의  완성된  이미지를  표현하며  (벡터)  방식은  좌표  개념의  벡터형태인
점,  직선,  도형으로  이미지를  표현한다",
243,"(VOD  :Video  on  Demand)는  주문형  비디오  서비스로  가입자가  원하는  시간에  원하는  프로그램을  시헝할  수  있는  쌍방
향  서비스이다",
244,"비트  코인은  디지털  정보량  기본단위인  (비트:bit)와  동전을  의미하는  (코인:coin)을  합한것으로  온라인  가상화폐를  의미
한다.",
245,"제2차  세계대전  당시  독일군의  암호  '애니그마'를  풀고,  인류최초의  컴퓨터인  '튜링머신'을  개발한  영국의  수학자  누구인
가?",앨런튜링
246,"이타나소프가  만든  ABC  와  모클리와  애커트가  만든  애니악  은  어느것이  세계  최초의  전자식  계산기  인가를  두고  법정
소송을  벌였다.  법정은  누구의  손을  들어  주었을까요?",ABC
247,프로그램  내장  방식을  제안한  사람은?,폰노이만
248,1세대  컴퓨터에  쓰인  기억소자는?,진공관
249,인터넷은  전세계의  컴퓨터를  연결한  네트워크의  집합체이다.  인터넷의  기반이  된  네트워크는?,알파넷
250,"1.  소프트웨어융합대학의  전공은  ‘빅데이터전공,  콘텐츠IT전공,  스마트IoT전공‘으로  세  개다.",0
251,2.  컴퓨터가  다루는  정보의  최소  단위는?,비트
252,"3.  개인이나  여러  명의  그룹으로  운영되며,  매일  갱신되는  일기  형식의  Web형식의  총칭은?",블로그
253,"4.  가장  많이  보급  되어  있는  종류는  Ethernet으로  건물  안에  있는  컴퓨터나  프린터  등을  접속하여  데이터를  주고받을
수  있도록  한  네트워크는?",LAN
254,"5.  네크워크  내의  모든  참여자가  공동으로  거래  정보를  검증/기록/보관함으로써  '공인된  제3자'없이도  거래  기록의  신뢰
성을  확보하는  기술로  가상화페인  비트코인에  적용된  보안기술이다.  특정시간(10분)  동안  발생된  모든  거래정보가  기록
된  블록(Block)을  생성,  모든  구성원에게  전송해서  똑같은  거래장부  사본을  나눠  보관하는  분산원장  기술은?",블록체인
255,"6.  (        )는  소프트웨어  개발자의  권리를  보장하면서  소스코드를  누구나  열람할  수  있도록  하는  소스  코드가  공개되어  있
는  개발  모델로써,  소스  코드에  대한  사용,  복제,  배포,  수정이  허용되는  소프트웨어이다.",오픈소스  SW
256,7.(         )은  어떤  네트워크  안에서  통신  데이터를  보낼  경로를  선택하는  과정이다.,라우팅(routing)
257,"8.  (          )는  네트워크  계층을  수행하는  IP  프로토콜에서  사용한다.  IP  패킷을  전달할  경로를  결정하는  라우팅의  기준이
된다.",IP  주소
258,9.  10억분의  1미터  정도의  크기의  물체를  만들고  조작하는  기술을  통틀어  이르는  말은?,나노기술
259,"10.  대중들의  참여로  해결책을  얻는  방법,  크라우드소싱은  이  두  단어의  합성어이다.  두  단어는?","대중(crowd),  아웃소싱(outsourcing)"
260,"11.  독일  정부가  제시한  정책의  하나로,  사물인터넷(IoT)을  통해  생산기기와  생산품  간  상호  소통  체계를  구축하고  전체
생산  과정을  최적화하는  ‘4차  산업혁명’을  뜻하는  말은?",Industry  4.0
261,12.  사물인터넷  IoT는  무엇의  줄임말일까?,Internet  of  Things
262,"13.  디지털  환경에서  생성되는  데이터로  그  규모가  방대하고,  생성  주기도  짧고,  수치  데이터와  문자,  영상  데이터를  모
두  포함하는  대규모  데이터를  이르는  말은?",빅데이터
263,"14.   통신   기술을   활용해   건물   내   전력   소모를   줄이는   빌딩으로,   빌딩   에너지   관리   시스템(BEMS:Building   Energy
Management  System)이  핵심  기술로  지어진  빌딩을  이르는  말은?",스마트빌딩
264,"15.  과거에는  기계화나  자동화에  반대하는  의미로  쓰였지만  현재  SNS  시대에서는  SNS에서  비롯된  부정적인  방응과  사
회적  문제  인식의  확산을  규정하는  말은?",러디즘3.0
265,"16.  사람마다  고유한  신체적  특징을  이용하여  개인을  식별하는  생체인식  기술  중의  하나로  홍채의  모양과  색,  망막  모세
혈관의  형태소  등을  분석해서  사람을  인식하는  것을  을  이르는  말은?",홍채인식
266,"17.  농  ·  림  ·  축  ·  수산물의  생산,  가공,  유통  단계에서  정보  통신  기술(ICT)을  접목하여  지능화된  농업  시스템을  이르는  말
은?",smart  farm
267,"18.  대한민국  정부가  주도하는  간편  결제  표준안.  최저임금  인상으로  불거진  자영업자들의  부담을  완화시키고자  내놓은
정책들  중  하나인  소상공인  간편결제  시스템은?",제로페이
268,"19.  금융(Financial)과  기술(Technique)의  합성어로,  스마트폰  등의  모바일  기기를  중심으로  결제  수단이  재편되는  것을
의미합니다.  핀테크의  기본이  모바일  송금  서비스인데,  최근  다음카카오가  출시한  ‘뱅크월렛카카오’가  대표적인  이  서비 스입니다.  이외  ‘카카오페이’,  SKT의  ‘시럽’,  애플의  ‘애플페이’,  알리바바의  ‘알리페이’,  이베이의  ‘페이팔’,  구글의  ‘구글월
렛’  등이  있는  이  서비스를  이르는  말은?",핀테크
269,"20.  반경  50미터  안에  있는  사용자의  위치를  파악하여,  모바일  결제,  할인  정보  전송  등을  가능케  하는  모바일  위치  기반
의  근거리  통신  기술로,  스마트폰의  블루투스  연결을  토대로,  이  기능이  구축된  구역에  들어서면  관련  정보가  자동으로
스마트폰에  수신됩니다.  이  기능은?",비콘(Beacon)
270,"21.  인터넷에서  사용되는  가상화폐의  일종으로,  존재나  가치를  국가나  정부,  은행에서  관리하거나  보장하지  않습니다.
제한적이나마  실물  거래가  가능한  이  가상화폐는?",비트코인
271,"22.  현실에  3차원  이미지를  더해  마치  현실  속에서  그  이미지가  존재하는  듯한  느낌을  주는  영상기술로  예로  포켓몬고가
있다.  이  기술은?",증강현실
272,23.  나를  대신하는  사이버  캐릭터를  통해  가상현실  속에서  실제로  활동하는  듯이  느껴지는  것을  의미하는  영상기술은?,가상현실
273,"24.  ‘구글’이  2016년  5월  내놓은  최신  안드로이드  운영체계(OS)의  공식  이름으로  안드로이드의  버전  7.0이다.  이전  버전
6.0인‘  마시멜로(Marshmallow)’에  이은  이  버전의  새  명칭은?",안드로이드  누가(Android  Nougat)
274,25.  ‘구글’의  인공지능(AI)  전문  자회사인‘  구글  딥마인드  (DeepMind)’가  개발한  컴퓨터  바둑  프로그램은?,알파고
275,"26.  ‘애플’이  판매하는  스마트시계(Smart  Watch)다.  2014년  9월  9일  발표됐다.  당시  애플  워치는  시계를  재정의한  것으
로  평가받았다.  기존  시계가  가진  태엽을  감는  용두(크라운,  Crown)를  이용한  사용법과  터치스크린  조합이  돋보인  이것
은?",애플  워치
276,"27.  신용카드를  온라인이나  모바일  앱에  등록해  간편하게  결제할  수  있도록  한  카드다.  스마트폰에  앱  카드  협의체의  은
행  앱을  설치하고  신용카드의  번호를  등록하면  바코드,  QR  코드,  근거리  무선통신(NFC)  등을  통해결제할  수  있다.  이  카
드는?",앱  카드
277,"28.  차량  공유  업체인‘  우버’가  선보인  합승  서비스다.  출퇴근  시간에만  제공한다.  우버가  출시한  합승  서비스‘  우버풀
(UberPOOL)’을  합리적  가격으로  출퇴근  시간에  맞게  재설계한  서비스다.  미국  시애틀에서  2015년  11월  시범  서비스를
시작했다.  이  서비스의  이름은?",우버홉
278,"29.  고정된  비밀번호  대신  무작위로  생성한  비밀번호로  사용자를  인증하는  방법으로,  보안을  강화하려고  도입한  시스템
이다.  로그인  할  때마다  일회성  비밀번호를  생성한다.  동일한  비밀번호가  사용되지  않아  보안을  강화할  수  있다.  주로  전
자금융  거래에서  사용되는  비밀번호를  이르는  말은?",일회용  비밀번호(OTP)
279,30.  미국  전기자동차업체‘  테슬라(Tesla)’의  자율주행  시스템의  명칭은?,테슬라  오토파일럿(Tesla  Autopilot)
280,"31.  지식재산권  용어로,  디자인  특허  중  하나다.  상품  외관이나  포괄적이고  시각적인  이미지를  형성하는  모양과  크기,  빛
깔  등을  가리킨다.  삼성의  스마트폰이  아이폰의  디자인을  모방했다는  애플의  소송을  계기로  유명해졌다.  이  용어는?",트레이드  드레스  (Trade  Dress)
281,"32.  정치·사회적  목적을  달성하기  위해  해킹하거나  목표물인  서버  컴퓨터를  무력화하는  기술을  만드는  운동이다‘.  해킹
(Hacking)’과  정치행동주의를  뜻하는‘  액티비즘(Activism)’의  합성어다.  이를  이르는  말은?",핵티비즘(Hacktivism)
282,"33.  프로그램의  진행에  전혀  영향을  주지  않는  코드로,  프로그램을  설명하는  데  사용합니다.  파이썬은  ‘#’  기호를  붙여  처
리  합니다.  이를  이르는  말은?",주석(comment)
283,"34.  파이썬에서  버튼  등의  위젯과  윈도우  등  이미지  드로잉,  애니메이션을  만들어내는  데  사용되는  유용한  메서드  제공
하는  모듈은?",tkinter
284,35.  파이썬에서  비교  문장이  True  값을  반환하는  동안  계속  반복하는  반복문의  종류는?,while  반복
285,"36.  파이썬에서  제공하는  자료형으로  모든  유형의  값을  원소로  추가,  삭제  할  수  있으며,  튜플과  유사하게  인덱스  값은  0
부터  시작하는  자료형은?",리스트
286,37.  파이썬에서  클래스  안의  함수를  부르는  이름은?,메서드
287,38.  파이썬에서  다른  프로그램에서  사용할  수  있는  기능이  저장되어  있는  파이썬  파일의  집합을  부르는  용어는?,모듈
288,39.  파이썬에서  정렬되어  있지  않은  컨테이너  자료형으로  서로  다른  키와  값의  짝  형태로  데이터를  저장하는  자료형은?,딕셔너리
289,40.  프로그램의  모든  곳에서  사용  가능한  변수를  이르는  말은?,전역변수
290,41.  함수  내에서  정의된  변수로  그  함수  내부에서만  사용  가능한  변수를  이르는  말은?,지역변수
291,"42.  0과  1의  두  숫자를  조합하여  값을  나타내는  수  체계로,  컴퓨터에  의해  처리되는  정보의  최소  단위는?",비트  2진수
292,"43.  TCP/IP  네트워크  사이에서  IP  패킷을  라우팅하거나  전달할  수  있는  여러  개의  실제  TCP/IP  네트워크에  연결된  장치
입니다.  이것은  서로  다른  전송  프로토콜이나  IPX  및  IP와  같은  데이터  형식  간의  변환을  담당하며  주로  이  변환  기능  때
문에  네트워크에  추가됩니다.  이것은  무엇일까요?",게이트웨이
293,"44.  한  컴퓨터에  저장된  여러  파일과  다른  컴퓨터에  저장된  여러  버전의  파일  간의  차이점을  조정하는  것입니다.  차이점
이  발견되면  두  파일  세트가  모두  업데이트되도록  하는  과정을  무엇이라고  하나?  동기화",Synchronize
294,"45.  인터넷  환경에서  여러  LAN과  WAN이  상호  운용되고  연결되도록  해  주며  이더넷과  토큰링과  같은  각기  다른  네트워
크  토폴로지를  가진  LAN들을  연결할  수  있는  하드웨어는?",라우터
295,"46.  하드  디스크,  플로피  디스크,  CD-ROM  디스크,  RAM과  같은  컴퓨터  저장소를  이르는  용어는?",메모리
296,"47.  외부에서  내부  네트워크나  인트라넷에  인증  없이  액세스하지  못하도록  하기  위해  보안  시스템을  제공하는  하드웨어
와  소프트웨어  조합입니다.  네트워크  외부의  프록시  서버를  통해  통신을  라우팅하여  네트워크와  외부  컴퓨터  간의  직접
적인  통신이  이루어지지  않게  합니다.  이것을  말하는  용어는?",방화벽
297,"48.  응용  프로그램의  데이터  영역과  입/출력  장치  같은  두  위치  사이에  아직  전송되지  않아  임시로  유지되는  데이터에
사용하도록  예약된  RAM  영역을  이르는  말은?",버퍼
298,"49.  point-to-point  링크를  사용하여  멀티프로토콜  데이터그램을  전송하는  업계  표준의  프로토콜입니다.  RFC  1661  문서
에서  설명하고  있는  프로토콜은?",지점간  프로토콜(PPP)
299,"50.  인터넷상의  두  컴퓨터  사이에서  파일을  복사하는  데  사용되는  TCP/IP  프로토콜의  구성  요소입니다.  한  컴퓨터는  클
라이언트,  다른  하나는  서버  역할을  지원해야  하는  프로토콜은?",파일  전송  프로토콜(FTP)
300,Q1.  1세대의  초창기;  프로그래밍  언어로  기계어와  일대일  대응을  하는  언어는  무엇인가?,어셈블리어
301,"Q2.  2세대의  프로그래밍  언어이자  최초의  고급언어로  수식  계산에  특화  되어  있고  이름의  뜻이  수식  변환기의  뜻을  가
지고  있는  언어는  무엇인가?",포트란(FORmular  TRANslator)
302,Q3.  고급  언어로  작성된  프로그램을  컴퓨터가  이해할  수  있는  기계어로  바꾸어  주는  번역  프로그램은  무엇인가?,컴파일러
303,"Q4  프로그래밍  언어의  소스  코드를  한  줄씩  바로  해석하며  실행하는  컴퓨터  프로그램  또는  환경을  말하는  것은  무엇인
가?",인터프리터
304,Q5.  베이직이라는  프로그래밍  언어가  최종적으로  발전하여  오늘날에  사용되고  있는  프로그래밍  언어는  무엇인가?,비주얼  베이직(visual  basic)
305,"Q6.  미국  마이크로소프트  사가  개발한  편집기(Editor)  +컴파일러(Compiler)  +디버거(Debugger)등을  포함하고  있는  통
합  개발  환경  도구는  무엇인가?","IDE(Integrated  Development
Environment)"
306,"Q7.  모든  프로그래밍  방법을  객체(Object)로  설정하여  이것을  운용하는  방식으로  설계하는  언어들을  무엇이라고  말하는
가  ?","객체지향  언어(OOL:Object  Oriented
Language)"
307,Q8.  프로그래밍  언어  중  객체  지향  언어의  대표적인  언어는  무엇이  있는가?,"C++,Java"
308,"Q9.  작업  처리과정을  단계적으로  명시하여  위에서  아래로  정해진  절차(순서)대로  실행이  되는  형태의  언어를  무엇이라
고  말하는가  ?","절차지향  언어(POL:Procedure  Oriented
Language)"
309,Q10.  프로그래밍  언어  중  절차  지향  언어의  대표적인  언어는  무엇이  있는가  ?,C언어
310,Q11.  프로그래머가  데이터베이스를  정의하고  다루기  위한  표준형  언어는  무엇인가?,SQL  (Structured  Query  Language)
311,"Q12.  Java의  특성  중  일부만을  제공하며,  대화형  웹  페이지를  만들  때  이용되는  프로그래밍  언어는  무엇인가  ?",자바  스크립트(Java  Script)
312,Q13.  프로그래밍에서  잘못된  부분을  찾아  고치는  작업을  무엇이라  말하는가?,디버깅
313,"Q14.  프로그래밍  문법에서  값을  저장하는  박스이자  숫자나  문자열과  같은  데이터를  저장할  수  있는  공간을  무엇이라  말
하는가?",변수(variable)
314,"Q15.  프로그래밍  언어  중  최근에  들어  가장  대중화  되었으며  쉽고  간단하며  다양한  라이브러리를  무료로  활용이  가능한
프로그래밍  언어는  무엇인가  ?",파이썬(Python)
315,Q16.  파이썬  문법  중  숫자  연산자에서  나머지  연산자는  무엇인가?,%
316,"Q17.  프로그래밍에  있어  내용을  메모하는  목적으로  쓰이며  소스  코드를  더  쉽게  이해할  수  있게  만드는  것이  주  목적인
것은  무엇인가?",주석  혹은  코멘트
317,"Q18.  객체지향  언어  특징  중  부모  클래스가  가지고있는  모든  것을(생성자  제외)  자식클래스가  물려받아  같이  공유하며
나아가  확장(extends)하는  개념을  무엇이라  하는가?",상속(Inheritance)
318,"Q19.  객체지향  언어  특징  중  객체들의  공통적인  특징(속성  과  기능)을  뽑아내는  것으로  우리가  구현하는  객체들이  가진
공통적인  데이터와  기능을  도출해  내는  개념을  무엇이라  하는가?",추상화(Abstraciton)
319,"Q20.  프로그래밍  에서  코드를  읽기  쉽도록  일정한  간격을  띄워서  작성하는  방법으로  여러  언어에서  필수  문법으로  사용
되는  이것은  무엇인가?",들여쓰기(indentation)
320,Q21.  파이썬이나  JAVA에서  사용되는  논리  연산자의  종류  3가지는  어떠한  것들이  있는가?,"OR연산자,  AND연산자,  NOT연산자"
321,Q22.  C언어에서  사용되는  반복문의  종류  3가지는  어떠한  것들이  있는가?,"for,  while,  do~while"
322,"Q23.  파이썬에서  배열이라고  부르는  리스트와  달리  한번  생성되면  크기나  요소가  변경할  수  없는  읽기  전용의  리스트를
무엇이라고  하는가?",튜플(Tuple)
323,"Q24.  프로그램이  실행  중  어떤  원인에  의해서  오작동을  하거나  비정상적으로  종료되는  경우,  그  결과를  초래하는  원인
을  에러  또는  오류라고  한다.  Python에서  이러한  것을  막고자  예외  처리로  사용되는  문법은  무엇인가?",try  ?  except
324,"Q25.  프로그램이  실행  중  어떤  원인에  의해서  오작동을  하거나  비정상적으로  종료되는  경우,  그  결과를  초래하는  원인
을  에러  또는  오류라고  한다.  Java에서  이러한  것을  막고자  예외  처리로  사용되는  문법은  무엇인가?",try  ?  catch
325,Q26.  프로그래밍  중  정수형을  표현할  수  있는  가장  기본  데이터  타입은  무엇인가  ?,int
326,"Q27.  JAVA에서  객체가  어떻게  행동하는지  설명하는  메소드와  객체를  표현하는  변수를  포함하는  객체에  대한  틀을  무엇
이라고  하는가?",클래스(Class)
327,"Q28.  JAVA에서  클래스,  메소드,  생성자,  변수  등  앞에  붙어  기능을  제한하는  예약어는  무엇인가  ?",제한자(Modifier)
328,"Q29.  JAVA에서  패키지,  클래스,  메소드,  변수  이름을  규칙과  관례를  통해  개발자가  임의로  만드는  것을  무엇이라  말하는
가?",식별자(Identifier)
329,Q30.  JAVA에서  상위  클래스의  메소드를  하위  클래스에서  재정의  하여  바꾸는  것을  무엇이라  말하는가?,오버라이딩(Overriding)
330,"Q31.  Python에서  함수나  변수  또는  클래스를  모아  놓은  파일을  불러와  파일안에  있는  것들  것  사용할  수  있다.  이때  사
용되는  파일을  무엇이라  하는가?",모듈(module)
331,Q32  python에서는  여러  모듈을  불러와  사용하게  되는데  어떠한  방법으로  불러  사용하는가  ?,import  모듈
332,Q33  SQL언어  문법  중  데이터베이스나  테이블을  만들  때  사용  되는  문법은  무엇인가  ?,"create  (예:create  database,  create  table)"
333,Q34.  SQL언어  문법  중  데이터베이스  내에  있는  데이터를  조회하기  위한  명령어  문법은  무엇인가?,SELECT  /FROM
334,"Q35  SQL  언어는  크게  2가지로  구분  되는데  DB,테이블을  정의하는  데이터  정의  언어(DDL)가  있다.  데이터를  검색,  수정,
삭제하는  역할인  나머지  하나는  무엇인가?",데이터  조작  언어(DML)
335,Q36.  SQL에서  데이터  베이스  내에  테이블을  삭제하는  명령  문법은  무엇인가?,DROP((DROP  TABLE  테이블  이름)
336,Q37.  SQL에서  데이터  베이스  내에  특정  속성  값을  수정하는  명령  문법은  무엇인가?,UPDATE
337,Q38.  SQL에서  3가지의  집합연산을  사용하게  되는데  어떠한  것들이  있는가  ?,"합집합  UNION,  차집합  EXCEPT,  교집합
INTERSECT"
338,"Q39.  C언어에서  기존의  배열이  동일한  종류의  데이터를  하나로  묶기  위한  것  이라면,  이것은  여러  종류의  자료형을  하
나로  묶을  수  있도록  도와주는  것이다.  이것은  무엇인가  ?",구조체
339,"Q40.  컴퓨터  분야에서  프로그램  연산에  필요한  데이터들을  효과적으로  사용하며  자료를  효율적으로  이용할  수  있도록
저장하는  방법은  무엇인가  ?",자료구조
340,Q41.  JAVA에서  가장  널리  사용하며  add()메서드로  데이터를  추가하는  자료구조  클래스는  무엇인가  ?,ArrayList
341,"Q42.  객체  지향  언어에서  물리적으로  존재하거나  추상적으로  생각할  수  있는  것  중에서  자신의  속성을  가지고  있는  다
른  것과  식별  가능한  것을  무엇이라  하는가  ?",객체(Object)
342,"Q43.  객체지향  언어에서  객체의  고유  데이터,  객체가  가져야  할  부품과  객체의  현재  상태  데이터를  저장하는  곳을  무엇
이라  하는가?",필드(Field)
343,Q44.  변수와  다르게  불변의  값을  말하며  Java에서  final을  사용하는  값은  무엇인가?,상수(constant)  static  final
344,Q45.  프로그래밍  언어에서  함수(블록)  내에서  선언된  변수를  무엇이라  말하는가?,지역변수(Local  Variable)
345,Q46.  프로그래밍  언어에서  함수(블록)  밖에  선언된  변수를  무엇이라  말하는가  ?,전역변수(Global  Variable)
346,"Q47.  세계  최초의  프로그래밍  가능한  완전  전자식  컴퓨터로서  엄청난  숫자의  진공관  부품을  가졌으며  종이  테이프로  입
력을  받고  다양한  종류의  논리  연산이  가능했던  컴퓨터는?",클로서스
347,"Q48.  그래픽  처리  장치(GPU)와  CPU를  함께  이용하여  과학,  분석,  공학,  소비자  및  기업  애플리케이션의  처리속도를  높이
는  것을  말함.",GPU  가속  컴퓨팅
348,"Q49.  1989년  LeCun이  발표한  기법으로,  영상인식에  주로  사용되는  딥러닝  기법이다.  기존의  전통적  물체  분류  알고리즘
보다  10%이상  좋은  성능을  보이면서  이미지  프로세싱의  주류  알고리즘으로  사용되고  있는  신경망은?",CNN  (콘볼루션  신경망)
349,"Q50.  여러  비선형  변환기법의  조합을  통해  높은  수준의  추상화(abstractions,  다량의  데이터나  복잡한  자료들  속에서  핵
심적인  내용  또는  기능을  요약하는  작업)를  시도하는  기계학습(machine  learning)  알고리즘?",딥러닝
